Code,Indicator Name,Long definition,Source
SH.DYN.AIDS.FE.ZS,Women's share of population ages 15+ living with HIV (%),Prevalence of HIV is the percentage of people who are infected with HIV. Female rate is as a percentage of the total population ages 15+ who are living with HIV.,UNAIDS estimates.
SG.VAW.REFU.ZS,Women who believe a husband is justified in beating his wife when she refuses sex with him (%),Percentage of women ages 15-49 who believe a husband/partner is justified in hitting or beating his wife/partner when she refuses sex with him.,Demographic and Health Surveys (DHS) and Multiple Indicator Cluster Surveys (MICS)
SG.VAW.GOES.ZS,Women who believe a husband is justified in beating his wife when she goes out without telling him (%),Percentage of women ages 15-49 who believe a husband/partner is justified in hitting or beating his wife/partner when she goes out without telling him.,Demographic and Health Surveys (DHS) and Multiple Indicator Cluster Surveys (MICS)
SG.VAW.NEGL.ZS,Women who believe a husband is justified in beating his wife when she neglects the children (%),Percentage of women ages 15-49 who believe a husband/partner is justified in hitting or beating his wife/partner when she neglects the children.,Demographic and Health Surveys (DHS) and Multiple Indicator Cluster Surveys (MICS)
SG.VAW.BURN.ZS,Women who believe a husband is justified in beating his wife when she burns the food (%),Percentage of women ages 15-49 who believe a husband/partner is justified in hitting or beating his wife/partner when she burns the food.,Demographic and Health Surveys (DHS) and Multiple Indicator Cluster Surveys (MICS)
SG.VAW.ARGU.ZS,Women who believe a husband is justified in beating his wife when she argues with him (%),Percentage of women ages 15-49 who believe a husband/partner is justified in hitting or beating his wife/partner when she argues with him.,Demographic and Health Surveys (DHS) and Multiple Indicator Cluster Surveys (MICS)
SG.VAW.REAS.ZS,Women who believe a husband is justified in beating his wife (any of five reasons) (%),Percentage of women ages 15-49 who believe a husband/partner is justified in hitting or beating his wife/partner for any of the following five reasons: argues with him; refuses to have sex; burns the food; goes out without telling him; or when she neglects the children.,Demographic and Health Surveys (DHS) and Multiple Indicator Cluster Surveys (MICS)
SP.DYN.WFRT,Wanted fertility rate (births per woman),Wanted fertility rate is an estimate of what the total fertility rate would be if all unwanted births were avoided.,Demographic and Health Surveys.
SP.UWT.TFRT,Unmet need for contraception (% of married women ages 15-49),"Unmet need for contraception is the percentage of fertile, married women of reproductive age who do not want to become pregnant and are not using contraception.","Household surveys, including Demographic and Health Surveys and Multiple Indicator Cluster Surveys. Largely compiled by United Nations Population Division."
SP.MTR.1519.ZS,Teenage mothers (% of women ages 15-19 who have had children or are currently pregnant),Teenage mothers are the percentage of women ages 15-19 who already have children or are currently pregnant.,Demographic and Health Surveys.
SP.ADO.TFRT,"Adolescent fertility rate (births per 1,000 women ages 15-19)","Adolescent fertility rate is the number of births per 1,000 women ages 15-19.","United Nations Population Division, World Population Prospects."
SP.DYN.CONU.ZS,Contraceptive prevalence (% of women ages 15-49),"Contraceptive prevalence rate is the percentage of women who are practicing, or whose sexual partners are practicing, any form of contraception. It is usually measured for married women ages 15-49 only.","UNICEF's State of the World's Children and Childinfo, United Nations Population Division's World Contraceptive Use, household surveys including Demographic and Health Surveys and Multiple Indicator Cluster Surveys."
SH.STA.ANVC.ZS,Pregnant women receiving prenatal care (%),Pregnant women receiving prenatal care are the percentage of women attended at least once during pregnancy by skilled health personnel for reasons related to pregnancy.,"UNICEF, State of the World's Children, Childinfo, and Demographic and Health Surveys."
SH.ANM.NPRG.ZS,Prevalence of anemia among non-pregnant women (% of women ages 15-49),"Prevalence of anemia, non-pregnant women, is the percentage of non-pregnant women whose hemoglobin level is less than 120 grams per liter at sea level.","1. WHO. Global anemia prevalence and trends 1995-2011. Geneva: World Health Organization; forthcoming.  2. Stevens GA, Finucane MM, De-Regil LM, et al. Global, regional, and national trends in hemoglobin concentration and prevalence of total and severe anemia in children and pregnant and non-pregnant women for 1995-2011: a systematic analysis of population-representative data. The Lancet Global Health 2013; 1(1): e16-e25."
SH.PRG.ANEM,Prevalence of anemia among pregnant women (%),"Prevalence of anemia, pregnant women, is the percentage of pregnant women whose hemoglobin level is less than 110 grams per liter at sea level.","1. WHO. Global anemia prevalence and trends 1995-2011. Geneva: World Health Organization; forthcoming.  2. Stevens GA, Finucane MM, De-Regil LM, et al. Global, regional, and national trends in hemoglobin concentration and prevalence of total and severe anemia in children and pregnant and non-pregnant women for 1995-2011: a systematic analysis of population-representative data. The Lancet Global Health 2013; 1(1): e16-e25."
SG.GEN.PARL.ZS,Proportion of seats held by women in national parliaments (%),Women in parliaments are the percentage of parliamentary seats in a single or lower chamber held by women.,Inter-Parliamentary Union (IPU) (www.ipu.org).
SL.EMP.INSV.FE.ZS,Share of women in wage employment in the nonagricultural sector (% of total nonagricultural employment),"Share of women in wage employment in the nonagricultural sector is the share of female workers in wage employment in the nonagricultural sector (industry and services), expressed as a percentage of total employment in the nonagricultural sector. Industry includes mining and quarrying (including oil production), manufacturing, construction, electricity, gas, and water, corresponding to divisions 2-5 (ISIC revision 2) or tabulation categories C-F (ISIC revision 3). Services include wholesale and retail trade and restaurants and hotels; transport, storage, and communications; financing, insurance, real estate, and business services; and community, social, and personal services-corresponding to divisions 6-9 (ISIC revision 2) or tabulation categories G-P (ISIC revision 3).","International Labour Organization, Key Indicators of the Labour Market database."
SE.PRM.TENR.FE,"Adjusted net enrollment rate, primary, female (% of primary school age children)","Adjusted net enrollment is the number of pupils of the school-age group for primary education, enrolled either in primary or secondary education, expressed as a percentage of the total population in that age group.","United Nations Educational, Scientific, and Cultural Organization (UNESCO) Institute for Statistics."
SL.TLF.0714.SW.FE.TM,"Average working hours of children, study and work, female, ages 7-14 (hours per week)",Average working hours of children studying and working refer to the average weekly working hours of those children who are attending school in combination with economic activity.,"Understanding Children's Work project based on data from ILO, UNICEF and the World Bank."
SL.TLF.0714.WK.FE.TM,"Average working hours of children, working only, female, ages 7-14 (hours per week)",Average working hours of children working only refers to the average weekly working hours of those children who are involved in economic activity and not attending school.,"Understanding Children's Work project based on data from ILO, UNICEF and the World Bank."
SL.MNF.0714.FE.ZS,"Child employment in manufacturing, female (% of female economically active children ages 7-14)",Employment by economic activity refers to the distribution of economically active children by the major industrial categories (ISIC revision 2 or revision 3). Manufacturing corresponds to division 3 (ISIC revision 2) or category D (ISIC revision 3). Economically active children refer to children involved in economic activity for at least one hour in the reference week of the survey.,"Understanding Children's Work project based on data from ILO, UNICEF and the World Bank."
SL.SRV.0714.FE.ZS,"Child employment in services, female (% of female economically active children ages 7-14)","Employment by economic activity refers to the distribution of economically active children by the major industrial categories (ISIC revision 2 or revision 3). Services correspond to divisions 6-9 (ISIC revision 2) or categories G-P (ISIC revision 3) and include wholesale and retail trade, hotels and restaurants, transport, financial intermediation, real estate, public administration, education, health and social work, other community services, and private household activity. Economically active children refer to children involved in economic activity for at least one hour in the reference week of the survey.","Understanding Children's Work project based on data from ILO, UNICEF and the World Bank."
SL.SLF.0714.FE.ZS,"Children in employment, self-employed, female (% of female children in employment, ages 7-14)","Self-employed workers are people whose remuneration depends directly on the profits derived from the goods and services they produce, with or without other employees, and include employers, own-account workers, and members of producers cooperatives.","Understanding Children's Work project based on data from ILO, UNICEF and the World Bank."
SL.TLF.0714.SW.FE.ZS,"Children in employment, study and work, female (% of female children in employment, ages 7-14)",Children in employment refer to children involved in economic activity for at least one hour in the reference week of the survey. Study and work refer to children attending school in combination with economic activity.,"Understanding Children's Work project based on data from ILO, UNICEF and the World Bank."
SE.PRM.UNER.FE,"Children out of school, primary, female",Children out of school are the number of primary-school-age children not enrolled in primary or secondary school.,"United Nations Educational, Scientific, and Cultural Organization (UNESCO) Institute for Statistics."
SL.TLF.0714.WK.FE.ZS,"Children in employment, work only, female (% of female children in employment, ages 7-14)",Children in employment refer to children involved in economic activity for at least one hour in the reference week of the survey. Work only refers to children involved in economic activity and not attending school.,"Understanding Children's Work project based on data from ILO, UNICEF and the World Bank."
SL.WAG.0714.FE.ZS,"Children in employment, wage workers, female (% of female children in employment, ages 7-14)",Wage workers (also known as employees) are people who hold explicit (written or oral) or implicit employment contracts that provide basic remuneration that does not depend directly on the revenue of the unit for which they work.,"Understanding Children's Work project based on data from ILO, UNICEF and the World Bank."
SL.FAM.0714.FE.ZS,"Children in employment, unpaid family workers, female (% of female children in employment, ages 7-14)",Unpaid family workers are people who work without pay in a market-oriented establishment operated by a related person living in the same household.,"Understanding Children's Work project based on data from ILO, UNICEF and the World Bank."
SG.GEN.LSOM.ZS,"Female legislators, senior officials and managers (% of total)","Female legislators, senior officials and managers (% of total) refers to the share of legislators, senior officials and managers who are female.",ILO Key Indicators of the Labour Market (KILM).
IC.FRM.FEMM.ZS,Firms with female top manager (% of firms),"Firms with female top manager refers to the percentage of firms in the private sector who have females as top managers. Top manager refers to the highest ranking manager or CEO of the establishment. This person may be the owner if he/she works as the manager of the firm. The results are based on surveys of more than 100,000 private firms.","World Bank, Enterprise Surveys (http://www.enterprisesurveys.org/)."
SP.HOU.FEMA.ZS,Female headed households (% of households with a female head),Female headed households shows the percentage of households with a female head.,Demographic and Health Surveys by ICF International.
IC.FRM.FEMO.ZS,Firms with female participation in ownership (% of firms),Firms with female participation in ownership are the percentage of firms with a woman among the principal owners.,"World Bank, Enterprise Surveys (http://www.enterprisesurveys.org/)."
SE.PRM.GINT.FE.ZS,"Gross intake ratio in first grade of primary education, female (% of relevant age group)","Gross intake ratio in first grade of primary education is the number of new entrants in the first grade of primary education regardless of age, expressed as a percentage of the population of the official primary entrance age.","United Nations Educational, Scientific, and Cultural Organization (UNESCO) Institute for Statistics."
SL.TLF.ACTI.1524.FE.NE.ZS,"Labor force participation rate for ages 15-24, female (%) (national estimate)",Labor force participation rate for ages 15-24 is the proportion of the population ages 15-24 that is economically active: all people who supply labor for the production of goods and services during a specified period.,"International Labour Organization, Key Indicators of the Labour Market database."
SP.DYN.LE00.FE.IN,"Life expectancy at birth, female (years)",Life expectancy at birth indicates the number of years a newborn infant would live if prevailing patterns of mortality at the time of its birth were to stay the same throughout its life.,"(1) United Nations Population Division. World Population Prospects, (2) United Nations Statistical Division. Population and Vital Statistics Report (various years), (3) Census reports and other statistical publications from national statistical offices, (4) Eurostat: Demographic Statistics, (5) Secretariat of the Pacific Community: Statistics and Demography Programme, and (6) U.S. Census Bureau: International Database."
SH.CON.1524.FE.ZS,"Condom use, population ages 15-24, female (% of females ages 15-24)",Condom use is the percentage of the population ages 15-24 who used a condom at last intercourse in the last 12 months.,"Demographic and Health Surveys, and UNAIDS."
SL.FAM.WORK.FE.ZS,"Contributing family workers, female (% of females employed)",Contributing family workers are those workers who hold "self-employment jobs" as own-account workers in a market-oriented establishment operated by a related person living in the same household.,"International Labour Organization, Key Indicators of the Labour Market database."
SL.TLF.0714.FE.ZS,"Children in employment, female (% of female children ages 7-14)",Children in employment refer to children involved in economic activity for at least one hour in the reference week of the survey.,"Understanding Children's Work project based on data from ILO, UNICEF and the World Bank."
SL.AGR.0714.FE.ZS,"Child employment in agriculture, female (% of female economically active children ages 7-14)","Employment by economic activity refers to the distribution of economically active children by the major industrial categories (ISIC revision 2 or revision 3). Agriculture corresponds to division 1 (ISIC revision 2) or categories A and B (ISIC revision 3) and includes agriculture and hunting, forestry and logging, and fishing. Economically active children refer to children involved in economic activity for at least one hour in the reference week of the survey.","Understanding Children's Work project based on data from ILO, UNICEF and the World Bank."
SL.IND.EMPL.FE.ZS,"Employment in industry, female (% of female employment)","Employees are people who work for a public or private employer and receive remuneration in wages, salary, commission, tips, piece rates, or pay in kind. Industry corresponds to divisions 2-5 (ISIC revision 2) or tabulation categories C-F (ISIC revision 3) and includes mining and quarrying (including oil production), manufacturing, construction, and public utilities (electricity, gas, and water).","International Labour Organization, Key Indicators of the Labour Market database."
SL.SRV.EMPL.FE.ZS,"Employment in services, female (% of female employment)","Employees are people who work for a public or private employer and receive remuneration in wages, salary, commission, tips, piece rates, or pay in kind. Services correspond to divisions 6-9 (ISIC revision 2) or tabulation categories G-P (ISIC revision 3) and include wholesale and retail trade and restaurants and hotels; transport, storage, and communications; financing, insurance, real estate, and business services; and community, social, and personal services.","International Labour Organization, Key Indicators of the Labour Market database."
SL.EMP.TOTL.SP.FE.ZS,"Employment to population ratio, 15+, female (%) (modeled ILO estimate)",Employment to population ratio is the proportion of a country's population that is employed. Ages 15 and older are generally considered the working-age population.,"International Labour Organization, Key Indicators of the Labour Market database."
SL.EMP.TOTL.SP.FE.NE.ZS,"Employment to population ratio, 15+, female (%) (national estimate)",Employment to population ratio is the proportion of a country's population that is employed. Ages 15 and older are generally considered the working-age population.,"International Labour Organization, Key Indicators of the Labour Market database."
SL.EMP.1524.SP.FE.ZS,"Employment to population ratio, ages 15-24, female (%) (modeled ILO estimate)",Employment to population ratio is the proportion of a country's population that is employed. Ages 15-24 are generally considered the youth population.,"International Labour Organization, Key Indicators of the Labour Market database."
SL.EMP.1524.SP.FE.NE.ZS,"Employment to population ratio, ages 15-24, female (%) (national estimate)",Employment to population ratio is the proportion of a country's population that is employed. Ages 15-24 are generally considered the youth population.,"International Labour Organization, Key Indicators of the Labour Market database."
SL.AGR.EMPL.FE.ZS,"Employment in agriculture, female (% of female employment)","Employees are people who work for a public or private employer and receive remuneration in wages, salary, commission, tips, piece rates, or pay in kind. Agriculture corresponds to division 1 (ISIC revision 2) or tabulation categories A and B (ISIC revision 3) and includes hunting, forestry, and fishing.","International Labour Organization, Key Indicators of the Labour Market database."
SL.EMP.MPYR.FE.ZS,"Employers, female (% of employment)","Employers refers are those workers who, working on their own account or with one or a few partners, hold the type of jobs defined as a "self-employment jobs" i.e. jobs where the remuneration is directly dependent upon the profits derived from the goods and services produced), and, in this capacity, have engaged, on a continuous basis, one or more persons to work for them as employee(s).",ILO Key Indicators of the Labour Market (KILM).
SL.TLF.CACT.FE.NE.ZS,"Labor force participation rate, female (% of female population ages 15+) (national estimate)",Labor force participation rate is the proportion of the population ages 15 and older that is economically active: all people who supply labor for the production of goods and services during a specified period.,"International Labour Organization, Key Indicators of the Labour Market database."
SL.TLF.ACTI.FE.ZS,"Labor force participation rate, female (% of female population ages 15-64) (modeled ILO estimate)",Labor force participation rate is the proportion of the population ages 15-64 that is economically active: all people who supply labor for the production of goods and services during a specified period.,"International Labour Organization, Key Indicators of the Labour Market database."
SL.TLF.PRIM.FE.ZS,"Labor force with primary education, female (% of female labor force)",Female labor force with primary education is the share of the female labor force that attained or completed primary education as the highest level of education.,"International Labour Organization, Key Indicators of the Labour Market database."
SL.TLF.SECO.FE.ZS,"Labor force with secondary education, female (% of female labor force)",Female labor force with secondary education is the share of the female labor force that attained or completed secondary education as the highest level of education.,"International Labour Organization, Key Indicators of the Labour Market database."
SL.TLF.TERT.FE.ZS,"Labor force with tertiary education, female (% of female labor force)",Female labor force with tertiary education is the share of the female labor force that attained or completed tertiary education as the highest level of education.,"International Labour Organization, Key Indicators of the Labour Market database."
SL.TLF.ACTI.1524.FE.ZS,"Labor force participation rate for ages 15-24, female (%) (modeled ILO estimate)",Labor force participation rate for ages 15-24 is the proportion of the population ages 15-24 that is economically active: all people who supply labor for the production of goods and services during a specified period.,"International Labour Organization, Key Indicators of the Labour Market database."
SL.TLF.CACT.FE.ZS,"Labor force participation rate, female (% of female population ages 15+) (modeled ILO estimate)",Labor force participation rate is the proportion of the population ages 15 and older that is economically active: all people who supply labor for the production of goods and services during a specified period.,"International Labour Organization, Key Indicators of the Labour Market database."
SE.ADT.LITR.FE.ZS,"Literacy rate, adult female (% of females ages 15 and above)",Adult literacy rate is the percentage of people ages 15 and above who can both read and write with understanding a short simple statement about their everyday life.,"United Nations Educational, Scientific, and Cultural Organization (UNESCO) Institute for Statistics."
SE.ADT.1524.LT.FE.ZS,"Literacy rate, youth female (% of females ages 15-24)",Youth literacy rate is the percentage of people ages 15-24 who can both read and write with understanding a short simple statement about their everyday life.,"United Nations Educational, Scientific, and Cultural Organization (UNESCO) Institute for Statistics."
SL.UEM.LTRM.FE.ZS,"Long-term unemployment, female (% of female unemployment)","Long-term unemployment refers to the number of people with continuous periods of unemployment extending for a year or longer, expressed as a percentage of the total unemployed.","International Labour Organization, Key Indicators of the Labour Market database."
SE.SEC.CMPT.LO.FE.ZS,"Lower secondary completion rate, female (% of relevant age group)","Lower secondary education completion rate is measured as the gross intake ratio to the last grade of lower secondary education (general and pre-vocational). It is calculated as the number of new entrants in the last grade of lower secondary education, regardless of age, divided by the population at the entrance age for the last grade of lower secondary education.","United Nations Educational, Scientific, and Cultural Organization (UNESCO) Institute for Statistics."
SL.TLF.TOTL.FE.ZS,"Labor force, female (% of total labor force)",Female labor force as a percentage of the total show the extent to which women are active in the labor force. Labor force comprises people ages 15 and older who meet the International Labour Organization's definition of the economically active population.,"International Labour Organization, using World Bank population estimates."
SP.DYN.AMRT.FE,"Mortality rate, adult, female (per 1,000 female adults)","Adult mortality rate is the probability of dying between the ages of 15 and 60--that is, the probability of a 15-year-old dying before reaching age 60, if subject to current age-specific mortality rates between those ages.","(1) United Nations Population Division. World Population Prospects. New York, United Nations, Department of Economic and Social Affairs (advanced Excel tables). Available at http://esa.un.org/wpp/unpp/panel_population.htm, (2) University of California, Berkeley, and Max Planck Institute for Demographic Research. Human Mortality Database. [ www.mortality.org or www.humanmortality.de]."
SP.DYN.IMRT.FE.IN,"Mortality rate, infant, female (per 1,000 live births)","Infant mortality rate, female is the number of female infants dying before reaching one year of age, per 1,000 female live births in a given year.","Estimates developed by the UN Inter-agency Group for Child Mortality Estimation (UNICEF, WHO, World Bank, UN DESA Population Division) at www.childmortality.org."
SH.DYN.MORT.FE,"Mortality rate, under-5, female (per 1,000 live births)","Under-five mortality rate, female is the probability per 1,000 that a newborn female baby will die before reaching age five, if subject to female age-specific mortality rates of the specified year.","Estimates developed by the UN Inter-agency Group for Child Mortality Estimation (UNICEF, WHO, World Bank, UN DESA Population Division) at www.childmortality.org."
SE.PRM.NINT.FE.ZS,"Net intake rate in grade 1, female (% of official school-age population)","Net intake rate in grade 1 is the number of new entrants in the first grade of primary education who are of official primary school entrance age, expressed as a percentage of the population of the corresponding age.","United Nations Educational, Scientific, and Cultural Organization (UNESCO) Institute for Statistics."
SH.STA.WAST.FE.ZS,"Prevalence of wasting, weight for height, female (% of children under 5)",Wasting prevalence is the proportion of children under five whose weight for height is more than two standard deviations below the median for the international reference population ages 0-59.,"World Health Organization, Global Database on Child Growth and Malnutrition. Country-level data are unadjusted data from national surveys, and thus may not be comparable across countries."
SL.TLF.PART.FE.ZS,"Part time employment, female (% of total female employment)",Part time employment refers to regular employment in which working time is substantially less than normal. Definitions of part time employment differ by country.,"International Labour Organization, Key Indicators of the Labour Market database."
SE.PRM.PRSL.FE.ZS,"Persistence to last grade of primary, female (% of cohort)",Persistence to last grade of primary is the percentage of children enrolled in the first grade of primary school who eventually reach the last grade of primary education. The estimate is based on the reconstructed cohort method.,"United Nations Educational, Scientific, and Cultural Organization (UNESCO) Institute for Statistics."
SP.POP.TOTL.FE.ZS,"Population, female (% of total)","Female population is the percentage of the population that is female. Population is based on the de facto definition of population, which counts all residents regardless of legal status or citizenship--except for refugees not permanently settled in the country of asylum, who are generally considered part of the population of the country of origin.",The United Nations Population Division's World Population Prospects.
SH.HIV.1524.FE.ZS,"Prevalence of HIV, female (% ages 15-24)",Prevalence of HIV is the percentage of people who are infected with HIV. Youth rates are as a percentage of the relevant age group.,UNAIDS estimates.
SH.STA.OWGH.FE.ZS,"Prevalence of overweight, weight for height, female (% of children under 5)",Prevalence of overweight children is the percentage of children under age 5 whose weight for height is more than two standard deviations above the median for the international reference population of the corresponding age as established by the WHO's new child growth standards released in 2006.,"World Health Organization, Global Database on Child Growth and Malnutrition. Country-level data are unadjusted data from national surveys, and thus may not be comparable across countries."
SH.SVR.WAST.FE.ZS,"Prevalence of severe wasting, weight for height, female (% of children under 5)",Severe wasting prevalence is the proportion of children under five whose weight for height is more than three standard deviations below the median for the international reference population ages 0-59.,"World Health Organization, Global Database on Child Growth and Malnutrition. Country-level data are unadjusted data from national surveys, and thus may not be comparable across countries."
SH.STA.STNT.FE.ZS,"Prevalence of stunting, height for age, female (% of children under 5)",Prevalence of stunting is the percentage of children under age 5 whose height for age is more than two standard deviations below the median for the international reference population ages 0-59 months. For children up to two years old height is measured by recumbent length. For older children height is measured by stature while standing. The data are based on the WHO's new child growth standards released in 2006.,"World Health Organization, Global Database on Child Growth and Malnutrition. Country-level data are unadjusted data from national surveys, and thus may not be comparable across countries."
SH.STA.MALN.FE.ZS,"Prevalence of underweight, weight for age, female (% of children under 5)",Prevalence of underweight children is the percentage of children under age 5 whose weight for age is more than two standard deviations below the median for the international reference population ages 0-59 months. The data are based on the WHO's new child growth standards released in 2006.,"World Health Organization, Global Database on Child Growth and Malnutrition. Country-level data are unadjusted data from national surveys, and thus may not be comparable across countries."
SE.PRM.PRS5.FE.ZS,"Persistence to grade 5, female (% of cohort)",Persistence to grade 5 (percentage of cohort reaching grade 5) is the share of children enrolled in the first grade of primary school who eventually reach grade 5. The estimate is based on the reconstructed cohort method.,"United Nations Educational, Scientific, and Cultural Organization (UNESCO) Institute for Statistics."
SE.PRM.CMPT.FE.ZS,"Primary completion rate, female (% of relevant age group)","Primary completion rate, or gross intake ratio to the last grade of primary education, is the number of new entrants (enrollments minus repeaters) in the last grade of primary education, regardless of age, divided by the population at the entrance age for the last grade of primary education. Data limitations preclude adjusting for students who drop out during the final year of primary education.","United Nations Educational, Scientific, and Cultural Organization (UNESCO) Institute for Statistics."
SE.PRM.ENRL.FE.ZS,"Primary education, pupils (% female)",Female pupils as a percentage of total pupils at primary level include enrollments in public and private schools.,"United Nations Educational, Scientific, and Cultural Organization (UNESCO) Institute for Statistics."
SE.PRM.TCHR.FE.ZS,"Primary education, teachers (% female)",Female teachers as a percentage of total primary education teachers includes full-time and part-time teachers.,"United Nations Educational, Scientific, and Cultural Organization (UNESCO) Institute for Statistics."
SE.SEC.PROG.FE.ZS,"Progression to secondary school, female (%)",Progression to secondary school refers to the number of new entrants to the first grade of secondary school in a given year as a percentage of the number of students enrolled in the final grade of primary school in the previous year (minus the number of repeaters from the last grade of primary education in the given year).,"United Nations Educational, Scientific, and Cultural Organization (UNESCO) Institute for Statistics."
SL.TLF.PART.TL.FE.ZS,"Part time employment, female (% of total part time employment)",Part time employment refers to regular employment in which working time is substantially less than normal. Definitions of part time employment differ by country.,"International Labour Organization, Key Indicators of the Labour Market database."
SL.TLF.CACT.FM.ZS,Ratio of female to male labor force participation rate (%) (modeled ILO estimate),Labor force participation rate is the proportion of the population ages 15 and older that is economically active: all people who supply labor for the production of goods and services during a specified period.,"International Labour Organization, Key Indicators of the Labour Market database."
SL.TLF.CACT.FM.NE.ZS,Ratio of female to male labor force participation rate (%) (national estimate),Labor force participation rate is the proportion of the population ages 15 and older that is economically active: all people who supply labor for the production of goods and services during a specified period.,"International Labour Organization, Key Indicators of the Labour Market database."
SE.PRM.REPT.FE.ZS,"Repeaters, primary, female (% of female enrollment)","Repeaters in primary school are the number of students enrolled in the same grade as in the previous year, as a percentage of all students enrolled in primary school.","United Nations Educational, Scientific, and Cultural Organization (UNESCO) Institute for Statistics."
SE.SEC.REPT.FE.ZS,"Repeaters, secondary, female (% of female enrollment)","Repeaters in secondary school are the number of students enrolled in the same grade as in the previous year, as a percentage of all students enrolled in secondary school.","United Nations Educational, Scientific, and Cultural Organization (UNESCO) Institute for Statistics."
SE.PRE.ENRR.FE,"School enrollment, preprimary, female (% gross)","Gross enrollment ratio is the ratio of total enrollment, regardless of age, to the population of the age group that officially corresponds to the level of education shown. Preprimary education refers to programs at the initial stage of organized instruction, designed primarily to introduce very young children to a school-type environment and to provide a bridge between home and school.","United Nations Educational, Scientific, and Cultural Organization (UNESCO) Institute for Statistics."
SE.PRM.ENRR.FE,"School enrollment, primary, female (% gross)","Gross enrollment ratio is the ratio of total enrollment, regardless of age, to the population of the age group that officially corresponds to the level of education shown. Primary education provides children with basic reading, writing, and mathematics skills along with an elementary understanding of such subjects as history, geography, natural science, social science, art, and music.","United Nations Educational, Scientific, and Cultural Organization (UNESCO) Institute for Statistics."
SE.PRM.NENR.FE,"School enrollment, primary, female (% net)","Net enrollment rate is the ratio of children of official school age who are enrolled in school to the population of the corresponding official school age. Primary education provides children with basic reading, writing, and mathematics skills along with an elementary understanding of such subjects as history, geography, natural science, social science, art, and music.","United Nations Educational, Scientific, and Cultural Organization (UNESCO) Institute for Statistics."
SE.SEC.ENRR.FE,"School enrollment, secondary, female (% gross)","Gross enrollment ratio is the ratio of total enrollment, regardless of age, to the population of the age group that officially corresponds to the level of education shown. Secondary education completes the provision of basic education that began at the primary level, and aims at laying the foundations for lifelong learning and human development, by offering more subject- or skill-oriented instruction using more specialized teachers.","United Nations Educational, Scientific, and Cultural Organization (UNESCO) Institute for Statistics."
SE.SEC.NENR.FE,"School enrollment, secondary, female (% net)","Net enrollment rate is the ratio of children of official school age who are enrolled in school to the population of the corresponding official school age. Secondary education completes the provision of basic education that began at the primary level, and aims at laying the foundations for lifelong learning and human development, by offering more subject- or skill-oriented instruction using more specialized teachers.","United Nations Educational, Scientific, and Cultural Organization (UNESCO) Institute for Statistics."
SE.TER.ENRR.FE,"School enrollment, tertiary, female (% gross)","Gross enrollment ratio is the ratio of total enrollment, regardless of age, to the population of the age group that officially corresponds to the level of education shown. Tertiary education, whether or not to an advanced research qualification, normally requires, as a minimum condition of admission, the successful completion of education at the secondary level.","United Nations Educational, Scientific, and Cultural Organization (UNESCO) Institute for Statistics."
SE.SEC.ENRL.GC.FE.ZS,"Secondary education, general pupils (% female)","Secondary general pupils are the number of secondary students enrolled in general education programs, including teacher training.","United Nations Educational, Scientific, and Cultural Organization (UNESCO) Institute for Statistics."
SE.SEC.ENRL.FE.ZS,"Secondary education, pupils (% female)",Female pupils as a percentage of total pupils at secondary level includes enrollments in public and private schools.,"United Nations Educational, Scientific, and Cultural Organization (UNESCO) Institute for Statistics."
SE.SEC.TCHR.FE.ZS,"Secondary education, teachers (% female)",Female teachers as a percentage of total secondary education teachers includes full-time and part-time teachers.,"United Nations Educational, Scientific, and Cultural Organization (UNESCO) Institute for Statistics."
SE.SEC.TCHR.FE,"Secondary education, teachers, female",Secondary education teachers includes full-time and part-time teachers.,"United Nations Educational, Scientific, and Cultural Organization (UNESCO) Institute for Statistics."
SE.SEC.ENRL.VO.FE.ZS,"Secondary education, vocational pupils (% female)","Secondary vocational pupils are the number of secondary students enrolled in technical and vocational education programs, including teacher training.","United Nations Educational, Scientific, and Cultural Organization (UNESCO) Institute for Statistics."
SL.EMP.SELF.FE.ZS,"Self-employed, female (% of females employed)","Self-employed workers are those workers who, working on their own account or with one or a few partners or in cooperative, hold the type of jobs defined as a "self-employment jobs."  i.e. jobs where the remuneration is directly dependent upon the profits derived from the goods and services produced. Self-employed workers include four sub-categories of employers, own-account workers, members of producers' cooperatives, and contributing family workers.","International Labour Organization, Key Indicators of the Labour Market database."
SL.UEM.NEET.FE.ZS,"Share of youth not in education, employment or training, female (% of female youth population)","Share of youth not in education, employment or training (NEET) is the proportion of young people who are not in education, employment, or training  to the population of the corresponding age group: youth (ages 15 to 24); persons ages 15 to 29; or both age groups.","International Labour Organization, Key Indicators of the Labour Market database."
SH.PRV.SMOK.FE,"Smoking prevalence, females (% of adults)","Prevalence of smoking, female is the percentage of women ages 15 and over who smoke any form of tobacco, including cigarettes, cigars, pipes or any other smoked tobacco products. Data include daily and non-daily or occasional smoking.","World Health Organization, Global Health Observatory Data Repository (http://apps.who.int/ghodata/)."
SP.DYN.TO65.FE.ZS,"Survival to age 65, female (% of cohort)","Survival to age 65 refers to the percentage of a cohort of newborn infants that would survive to age 65, if subject to current age specific mortality rates.","United Nations Population Division. World Population Prospects. New York, United Nations, Department of Economic and Social Affairs (advanced Excel tables). Available at http://esa.un.org/wpp/unpp/panel_population.htm."
SE.TER.TCHR.FE.ZS,"Tertiary education, academic staff (% female)","Tertiary education, academic staff (% female) is the share of female academic staff in tertiary education.","United Nations Educational, Scientific, and Cultural Organization (UNESCO) Institute for Statistics."
SE.PRM.TCAQ.FE.ZS,"Trained teachers in primary education, female (% of female teachers)",Trained teachers in primary education are the percentage of primary school teachers who have received the minimum organized teacher training (pre-service or in-service) required for teaching in their country.,"United Nations Educational, Scientific, and Cultural Organization (UNESCO), special data collection for the Education for All Initiative."
SL.UEM.PRIM.FE.ZS,"Unemployment with primary education, female (% of female unemployment)",Female unemployment with primary education is the share of the female unemployed who attained or completed primary education as the highest level.,"International Labour Organization, Key Indicators of the Labour Market database."
SL.UEM.SECO.FE.ZS,"Unemployment with secondary education, female (% of female unemployment)",Female unemployment with secondary education is the share of the female unemployed who attained or completed secondary education as the highest level.,"International Labour Organization, Key Indicators of the Labour Market database."
SL.UEM.TERT.FE.ZS,"Unemployment with tertiary education, female (% of female unemployment)",Female unemployment with tertiary education is the share of the female unemployed who attained or completed tertiary education as the highest level.,"International Labour Organization, Key Indicators of the Labour Market database."
SL.UEM.TOTL.FE.ZS,"Unemployment, female (% of female labor force) (modeled ILO estimate)",Unemployment refers to the share of the labor force that is without work but available for and seeking employment.,"International Labour Organization, Key Indicators of the Labour Market database."
SL.UEM.TOTL.FE.NE.ZS,"Unemployment, female (% of female labor force) (national estimate)",Unemployment refers to the share of the labor force that is without work but available for and seeking employment. Definitions of labor force and unemployment differ by country.,"International Labour Organization, Key Indicators of the Labour Market database."
SL.UEM.1524.FE.ZS,"Unemployment, youth female (% of female labor force ages 15-24) (modeled ILO estimate)",Youth unemployment refers to the share of the labor force ages 15-24 without work but available for and seeking employment.,"International Labour Organization, Key Indicators of the Labour Market database."
SL.UEM.1524.FE.NE.ZS,"Unemployment, youth female (% of female labor force ages 15-24) (national estimate)",Youth unemployment refers to the share of the labor force ages 15-24 without work but available for and seeking employment. Definitions of labor force and unemployment differ by country.,"International Labour Organization, Key Indicators of the Labour Market database."
SL.EMP.VULN.FE.ZS,"Vulnerable employment, female (% of female employment)",Vulnerable employment is unpaid family workers and own-account workers as a percentage of total employment.,"International Labour Organization, Key Indicators of the Labour Market database."
SL.EMP.WORK.FE.ZS,"Wage and salaried workers, female (% of females employed)","Wage and salaried workers (employees) are those workers who hold the type of jobs defined as "paid employment jobs," where the incumbents hold explicit (written or oral) or implicit employment contracts that give them a basic remuneration that is not directly dependent upon the revenue of the unit for which they work.","International Labour Organization, Key Indicators of the Labour Market database."
SE.ADT.LITR.MA.ZS,"Literacy rate, adult male (% of males ages 15 and above)",Adult literacy rate is the percentage of people ages 15 and above who can both read and write with understanding a short simple statement about their everyday life.,"United Nations Educational, Scientific, and Cultural Organization (UNESCO) Institute for Statistics."
SE.ADT.LITR.ZS,"Literacy rate, adult total (% of people ages 15 and above)",Adult literacy rate is the percentage of people ages 15 and above who can both read and write with understanding a short simple statement about their everyday life.,"United Nations Educational, Scientific, and Cultural Organization (UNESCO) Institute for Statistics."
SE.ADT.1524.LT.FM.ZS,"Literacy rate, youth (ages 15-24), gender parity index (GPI)",Gender parity index for youth literacy rate is the ratio of females to males ages 15-24 who can both read and write with understanding a short simple statement about their everyday life.,"United Nations Educational, Scientific, and Cultural Organization (UNESCO) Institute for Statistics."
SE.ADT.1524.LT.MA.ZS,"Literacy rate, youth male (% of males ages 15-24)",Youth literacy rate is the percentage of people ages 15-24 who can both read and write with understanding a short simple statement about their everyday life.,"United Nations Educational, Scientific, and Cultural Organization (UNESCO) Institute for Statistics."
SE.ADT.1524.LT.ZS,"Literacy rate, youth total (% of people ages 15-24)",Youth literacy rate is the percentage of people ages 15-24 who can both read and write with understanding a short simple statement about their everyday life.,"United Nations Educational, Scientific, and Cultural Organization (UNESCO) Institute for Statistics."
IQ.CPA.GNDR.XQ,CPIA gender equality rating (1=low to 6=high),"Gender equality assesses the extent to which the country has installed institutions and programs to enforce laws and policies that promote equal access for men and women in education, health, the economy, and protection under law.","World Bank Group, CPIA database (http://www.worldbank.org/ida)."
SE.ENR.PRIM.FM.ZS,"School enrollment, primary (gross), gender parity index (GPI)",Gender parity index for gross enrollment ratio in primary education is the ratio of girls to boys enrolled at primary level in public and private schools.,"United Nations Educational, Scientific, and Cultural Organization (UNESCO) Institute for Statistics."
SE.ENR.PRSC.FM.ZS,"School enrollment, primary and secondary (gross), gender parity index (GPI)",Gender parity index for gross enrollment ratio in primary and secondary education is the ratio of girls to boys enrolled at primary and secondary levels in public and private schools.,"United Nations Educational, Scientific, and Cultural Organization (UNESCO) Institute for Statistics."
SE.ENR.SECO.FM.ZS,"School enrollment, secondary (gross), gender parity index (GPI)",Gender parity index for gross enrollment ratio in secondary education is the ratio of girls to boys enrolled at secondary level in public and private schools.,"United Nations Educational, Scientific, and Cultural Organization (UNESCO) Institute for Statistics."
SE.ENR.TERT.FM.ZS,"School enrollment, tertiary (gross), gender parity index (GPI)",Gender parity index for gross enrollment ratio in tertiary education is the ratio of women to men enrolled at tertiary level in public and private schools.,"United Nations Educational, Scientific, and Cultural Organization (UNESCO) Institute for Statistics."
SI.POV.GAPS,Poverty gap at $1.25 a day (PPP) (%),"Poverty gap is the mean shortfall from the poverty line (counting the nonpoor as having zero shortfall), expressed as a percentage of the poverty line. This measure reflects the depth of poverty as well as its incidence.","World Bank, Development Research Group. Data are based on primary household survey data obtained from government statistical agencies and World Bank country departments. Data for high-income economies are from the Luxembourg Income Study database. For more information and methodology, please see PovcalNet (http://iresearch.worldbank.org/PovcalNet/index.htm)."
SI.POV.GAP2,Poverty gap at $2 a day (PPP) (%),"Poverty gap is the mean shortfall from the poverty line (counting the nonpoor as having zero shortfall), expressed as a percentage of the poverty line. This measure reflects the depth of poverty as well as its incidence.","World Bank, Development Research Group. Data are based on primary household survey data obtained from government statistical agencies and World Bank country departments. Data for high-income economies are from the Luxembourg Income Study database. For more information and methodology, please see PovcalNet (http://iresearch.worldbank.org/PovcalNet/index.htm)."
SI.POV.NAGP,Poverty gap at national poverty lines (%),Poverty gap at national poverty lines is the mean shortfall from the poverty lines (counting the nonpoor as having zero shortfall) as a percentage of the poverty lines. This measure reflects the depth of poverty as well as its incidence.,"World Bank, Global Poverty Working Group. Data are compiled from official government sources or are computed by World Bank staff using national (i.e. country–specific) poverty lines."
SI.POV.DDAY,Poverty headcount ratio at $1.25 a day (PPP) (% of population),"Population below $1.25 a day is the percentage of the population living on less than $1.25 a day at 2005 international prices. As a result of revisions in PPP exchange rates, poverty rates for individual countries cannot be compared with poverty rates reported in earlier editions.","World Bank, Development Research Group. Data are based on primary household survey data obtained from government statistical agencies and World Bank country departments. Data for high-income economies are from the Luxembourg Income Study database. For more information and methodology, please see PovcalNet (http://iresearch.worldbank.org/PovcalNet/index.htm)."
SI.POV.2DAY,Poverty headcount ratio at $2 a day (PPP) (% of population),"Population below $2 a day is the percentage of the population living on less than $2.00 a day at 2005 international prices. As a result of revisions in PPP exchange rates, poverty rates for individual countries cannot be compared with poverty rates reported in earlier editions.","World Bank, Development Research Group. Data are based on primary household survey data obtained from government statistical agencies and World Bank country departments. Data for high-income economies are from the Luxembourg Income Study database. For more information and methodology, please see PovcalNet (http://iresearch.worldbank.org/PovcalNet/index.htm)."
SI.POV.NAHC,Poverty headcount ratio at national poverty lines (% of population),National poverty headcount ratio is the percentage of the population living below the national poverty lines. National estimates are based on population-weighted subgroup estimates from household surveys.,"World Bank, Global Poverty Working Group. Data are compiled from official government sources or are computed by World Bank staff using national (i.e. country–specific) poverty lines."
SI.POV.RUGP,Rural poverty gap at national poverty lines (%),Rural poverty gap at national poverty lines is the rural population's mean shortfall from the poverty lines (counting the nonpoor as having zero shortfall) as a percentage of the poverty lines. This measure reflects the depth of poverty as well as its incidence.,"World Bank, Global Poverty Working Group. Data are compiled from official government sources or are computed by World Bank staff using national (i.e. country–specific) poverty lines."
SI.POV.RUHC,Rural poverty headcount ratio at national poverty lines (% of rural population),Rural poverty headcount ratio is the percentage of the rural population living below the national poverty lines.,"World Bank, Global Poverty Working Group. Data are compiled from official government sources or are computed by World Bank staff using national (i.e. country–specific) poverty lines."
SI.POV.URGP,Urban poverty gap at national poverty lines (%),Urban poverty gap at national poverty lines is the urban population's mean shortfall from the poverty lines (counting the nonpoor as having zero shortfall) as a percentage of the poverty lines. This measure reflects the depth of poverty as well as its incidence.,"World Bank, Global Poverty Working Group. Data are compiled from official government sources or are computed by World Bank staff using national (i.e. country–specific) poverty lines."
SI.POV.URHC,Urban poverty headcount ratio at national poverty lines (% of urban population),Urban poverty headcount ratio is the percentage of the urban population living below the national poverty lines.,"World Bank, Global Poverty Working Group. Data are compiled from official government sources or are computed by World Bank staff using national (i.e. country–specific) poverty lines."
NY.ADJ.AEDU.GN.ZS,Adjusted savings: education expenditure (% of GNI),"Education expenditure refers to the current operating expenditures in education, including wages and salaries and excluding capital investments in buildings and equipment.","World Bank staff estimates using data from the United Nations Statistics Division's Statistical Yearbook, and the UNESCO Institute for Statistics online database."
NY.ADJ.AEDU.CD,Adjusted savings: education expenditure (current US$),"Education expenditure refers to the current operating expenditures in education, including wages and salaries and excluding capital investments in buildings and equipment.","World Bank staff estimates using data from the United Nations Statistics Division's Statistical Yearbook, and the UNESCO Institute for Statistics online database."
SE.XPD.MSEC.ZS,"All education staff compensation, secondary (% of total expenditure in secondary public institutions)","All staff (teacher and non-teachers) compensation is expressed as a percentage of direct expenditure in public educational institutions (instructional and non-instructional) of the specified level of education. Financial aid to students and other transfers are excluded from direct expenditure. Staff compensation includes salaries, contributions by employers for staff retirement programs, and other allowances and benefits.","United Nations Educational, Scientific, and Cultural Organization (UNESCO) Institute for Statistics."
SE.XPD.MTER.ZS,"All education staff compensation, tertiary (% of total expenditure in tertiary public institutions)","All staff (teacher and non-teachers) compensation is expressed as a percentage of direct expenditure in public educational institutions (instructional and non-instructional) of the specified level of education. Financial aid to students and other transfers are excluded from direct expenditure. Staff compensation includes salaries, contributions by employers for staff retirement programs, and other allowances and benefits.","United Nations Educational, Scientific, and Cultural Organization (UNESCO) Institute for Statistics."
SE.XPD.MTOT.ZS,"All education staff compensation, total (% of total expenditure in public institutions)","All staff (teacher and non-teachers) compensation is expressed as a percentage of direct expenditure in public educational institutions (instructional and non-instructional) of the specified level of education. Financial aid to students and other transfers are excluded from direct expenditure. Staff compensation includes salaries, contributions by employers for staff retirement programs, and other allowances and benefits.","United Nations Educational, Scientific, and Cultural Organization (UNESCO) Institute for Statistics."
SE.XPD.MPRM.ZS,"All education staff compensation, primary (% of total expenditure in primary public institutions)","All staff (teacher and non-teachers) compensation is expressed as a percentage of direct expenditure in public educational institutions (instructional and non-instructional) of the specified level of education. Financial aid to students and other transfers are excluded from direct expenditure. Staff compensation includes salaries, contributions by employers for staff retirement programs, and other allowances and benefits.","United Nations Educational, Scientific, and Cultural Organization (UNESCO) Institute for Statistics."
SE.XPD.CSEC.ZS,"Current education expenditure, secondary (% of total expenditure in secondary public institutions)","Current expenditure is expressed as a percentage of direct expenditure in public educational institutions (instructional and non-instructional) of the specified level of education. Financial aid to students and other transfers are excluded from direct expenditure. Current expenditure is consumed within the current year and would have to be renewed if needed in the following year. It includes staff compensation and current expenditure other than for staff compensation (ex. on teaching materials, ancillary services and administration).","United Nations Educational, Scientific, and Cultural Organization (UNESCO) Institute for Statistics."
SE.XPD.CTOT.ZS,"Current education expenditure, total (% of total expenditure in public institutions)","Current expenditure is expressed as a percentage of direct expenditure in public educational institutions (instructional and non-instructional) of the specified level of education. Financial aid to students and other transfers are excluded from direct expenditure. Current expenditure is consumed within the current year and would have to be renewed if needed in the following year. It includes staff compensation and current expenditure other than for staff compensation (ex. on teaching materials, ancillary services and administration).","United Nations Educational, Scientific, and Cultural Organization (UNESCO) Institute for Statistics."
SE.XPD.CPRM.ZS,"Current education expenditure, primary (% of total expenditure in primary public institutions)","Current expenditure is expressed as a percentage of direct expenditure in public educational institutions (instructional and non-instructional) of the specified level of education. Financial aid to students and other transfers are excluded from direct expenditure. Current expenditure is consumed within the current year and would have to be renewed if needed in the following year. It includes staff compensation and current expenditure other than for staff compensation (ex. on teaching materials, ancillary services and administration).","United Nations Educational, Scientific, and Cultural Organization (UNESCO) Institute for Statistics."
SE.XPD.CTER.ZS,"Current education expenditure, tertiary (% of total expenditure in tertiary public institutions)","Current expenditure is expressed as a percentage of direct expenditure in public educational institutions (instructional and non-instructional) of the specified level of education. Financial aid to students and other transfers are excluded from direct expenditure. Current expenditure is consumed within the current year and would have to be renewed if needed in the following year. It includes staff compensation and current expenditure other than for staff compensation (ex. on teaching materials, ancillary services and administration).","United Nations Educational, Scientific, and Cultural Organization (UNESCO) Institute for Statistics."
SE.XPD.PRIM.ZS,Expenditure on primary education (% of government expenditure on education),"Expenditure on primary education is expressed as a percentage of total general government expenditure on education. General government usually refers to local, regional and central governments.","United Nations Educational, Scientific, and Cultural Organization (UNESCO) Institute for Statistics."
SE.XPD.SECO.ZS,Expenditure on secondary education (% of government expenditure on education),"Expenditure on secondary education is expressed as a percentage of total general government expenditure on education. General government usually refers to local, regional and central governments.","United Nations Educational, Scientific, and Cultural Organization (UNESCO) Institute for Statistics."
SE.XPD.TERT.ZS,Expenditure on tertiary education (% of government expenditure on education),"Expenditure on tertiary education is expressed as a percentage of total general government expenditure on education. General government usually refers to local, regional and central governments.","United Nations Educational, Scientific, and Cultural Organization (UNESCO) Institute for Statistics."
SE.XPD.TOTL.GB.ZS,"Government expenditure on education, total (% of government expenditure)","General government expenditure on education (current, capital, and transfers) is expressed as a percentage of total general government expenditure on all sectors (including health, education, social services, etc.). It includes expenditure funded by transfers from international sources to government. General government usually refers to local, regional and central governments.","United Nations Educational, Scientific, and Cultural Organization (UNESCO) Institute for Statistics."
SE.PRM.GINT.MA.ZS,"Gross intake ratio in first grade of primary education, male (% of relevant age group)","Gross intake ratio in first grade of primary education is the number of new entrants in the first grade of primary education regardless of age, expressed as a percentage of the population of the official primary entrance age.","United Nations Educational, Scientific, and Cultural Organization (UNESCO) Institute for Statistics."
SE.XPD.TOTL.GD.ZS,"Government expenditure on education, total (% of GDP)","General government expenditure on education (current, capital, and transfers) is expressed as a percentage of GDP. It includes expenditure funded by transfers from international sources to government. General government usually refers to local, regional and central governments.","United Nations Educational, Scientific, and Cultural Organization (UNESCO) Institute for Statistics."
SE.PRM.GINT.ZS,"Gross intake ratio in first grade of primary education, total (% of relevant age group)","Gross intake ratio in first grade of primary education is the number of new entrants in the first grade of primary education regardless of age, expressed as a percentage of the population of the official primary entrance age.","United Nations Educational, Scientific, and Cultural Organization (UNESCO) Institute for Statistics."
SL.TLF.PRIM.ZS,Labor force with primary education (% of total),Labor force with primary education is the share of the total labor force that attained or completed primary education as the highest level of education.,"International Labour Organization, Key Indicators of the Labour Market database."
SL.TLF.PRIM.MA.ZS,"Labor force with primary education, male (% of male labor force)",Male labor force with primary education is the share of the male labor force that attained or completed primary education as the highest level of education.,"International Labour Organization, Key Indicators of the Labour Market database."
SL.TLF.SECO.ZS,Labor force with secondary education (% of total),Labor force with secondary education is the share of the total labor force that attained or completed secondary education as the highest level of education.,"International Labour Organization, Key Indicators of the Labour Market database."
SL.TLF.SECO.MA.ZS,"Labor force with secondary education, male (% of male labor force)",Male labor force with secondary education is the share of the male labor force that attained or completed secondary education as the highest level of education.,"International Labour Organization, Key Indicators of the Labour Market database."
SL.TLF.TERT.ZS,Labor force with tertiary education (% of total),Labor force with tertiary education is the share of the total labor force that attained or completed tertiary education as the highest level of education.,"International Labour Organization, Key Indicators of the Labour Market database."
SL.TLF.TERT.MA.ZS,"Labor force with tertiary education, male (% of male labor force)",Male labor force with tertiary education is the share of the male labor force that attained or completed tertiary education as the highest level of education.,"International Labour Organization, Key Indicators of the Labour Market database."
SE.PRM.DURS,"Primary education, duration (years)",Primary duration refers to the number of grades (years) in primary school.,"United Nations Educational, Scientific, and Cultural Organization (UNESCO) Institute for Statistics."
SE.PRM.ENRL,"Primary education, pupils",Primary education pupils is the total number of pupils enrolled at primary level in public and private schools.,"United Nations Educational, Scientific, and Cultural Organization (UNESCO) Institute for Statistics."
SE.PRM.TCHR,"Primary education, teachers",Primary education teachers includes full-time and part-time teachers.,"United Nations Educational, Scientific, and Cultural Organization (UNESCO) Institute for Statistics."
SE.SEC.DURS,"Secondary education, duration (years)",Secondary duration refers to the number of grades (years) in secondary school.,"United Nations Educational, Scientific, and Cultural Organization (UNESCO) Institute for Statistics."
SE.SEC.ENRL,"Secondary education, pupils",Secondary education pupils is the total number of pupils enrolled at secondary level in public and private schools.,"United Nations Educational, Scientific, and Cultural Organization (UNESCO) Institute for Statistics."
SE.SEC.TCHR,"Secondary education, teachers",Secondary education teachers includes full-time and part-time teachers.,"United Nations Educational, Scientific, and Cultural Organization (UNESCO) Institute for Statistics."
SE.SEC.ENRL.VO,"Secondary education, vocational pupils","Secondary vocational pupils are the number of secondary students enrolled in technical and vocational education programs, including teacher training.","United Nations Educational, Scientific, and Cultural Organization (UNESCO) Institute for Statistics."
SL.UEM.NEET.MA.ZS,"Share of youth not in education, employment or training, male (% of male youth population)","Share of youth not in education, employment or training (NEET) is the proportion of young people who are not in education, employment, or training  to the population of the corresponding age group: youth (ages 15 to 24); persons ages 15 to 29; or both age groups.","International Labour Organization, Key Indicators of the Labour Market database."
SL.UEM.NEET.ZS,"Share of youth not in education, employment or training, total (% of youth population)","Share of youth not in education, employment or training (NEET) is the proportion of young people who are not in education, employment, or training  to the population of the corresponding age group: youth (ages 15 to 24); persons ages 15 to 29; or both age groups.","International Labour Organization, Key Indicators of the Labour Market database."
SE.SEC.ENRL.GC,"Secondary education, general pupils","Secondary general pupils are the number of secondary students enrolled in general education programs, including teacher training.","United Nations Educational, Scientific, and Cultural Organization (UNESCO) Institute for Statistics."
SE.PRM.TCAQ.ZS,Trained teachers in primary education (% of total teachers),Trained teachers in primary education are the percentage of primary school teachers who have received the minimum organized teacher training (pre-service or in-service) required for teaching in their country.,"United Nations Educational, Scientific, and Cultural Organization (UNESCO), special data collection for the Education for All Initiative."
SE.PRM.TCAQ.MA.ZS,"Trained teachers in primary education, male (% of male teachers)",Trained teachers in primary education are the percentage of primary school teachers who have received the minimum organized teacher training (pre-service or in-service) required for teaching in their country.,"United Nations Educational, Scientific, and Cultural Organization (UNESCO), special data collection for the Education for All Initiative."
SL.UEM.PRIM.ZS,Unemployment with primary education (% of total unemployment),Unemployment with primary education is the share of the total unemployed who attained or completed primary education as the highest level.,"International Labour Organization, Key Indicators of the Labour Market database."
SL.UEM.PRIM.MA.ZS,"Unemployment with primary education, male (% of male unemployment)",Male unemployment with primary education is the share of the male unemployed who attained or completed primary education as the highest level.,"International Labour Organization, Key Indicators of the Labour Market database."
SL.UEM.SECO.ZS,Unemployment with secondary education (% of total unemployment),Unemployment with secondary education is the share of the total unemployed who attained or completed secondary education as the highest level.,"International Labour Organization, Key Indicators of the Labour Market database."
SL.UEM.SECO.MA.ZS,"Unemployment with secondary education, male (% of male unemployment)",Male unemployment with secondary education is the share of the male unemployed who attained or completed secondary education as the highest level.,"International Labour Organization, Key Indicators of the Labour Market database."
SL.UEM.TERT.ZS,Unemployment with tertiary education (% of total unemployment),Unemployment with tertiary education is the share of the total unemployed who attained or completed tertiary education as the highest level.,"International Labour Organization, Key Indicators of the Labour Market database."
SL.UEM.TERT.MA.ZS,"Unemployment with tertiary education, male (% of male unemployment)",Male unemployment with tertiary education is the share of the male unemployed who attained or completed tertiary education as the highest level.,"International Labour Organization, Key Indicators of the Labour Market database."
